INSERT INTO ODMIANA (ODMIANA) 
VALUES ('Bourbon');
INSERT INTO ODMIANA (ODMIANA) 
VALUES('Caturra');
INSERT INTO ODMIANA (ODMIANA) 
VALUES('Garnica');
INSERT INTO ODMIANA (ODMIANA) 
VALUES('SL28');
INSERT INTO ODMIANA (ODMIANA) 
VALUES('SL34');
INSERT INTO ODMIANA (ODMIANA) 
VALUES('Batian');
INSERT INTO ODMIANA (ODMIANA) 
VALUES('Ruiru 11');
INSERT INTO ODMIANA (ODMIANA) 
VALUES('Colombia');
INSERT INTO ODMIANA (ODMIANA) 
VALUES('Castillo');
INSERT INTO ODMIANA (ODMIANA) 
VALUES('Pache');
INSERT INTO ODMIANA (ODMIANA) 
VALUES('Catuai');
INSERT INTO ODMIANA (ODMIANA) 
VALUES('Robusta');
INSERT INTO ODMIANA (ODMIANA) 
VALUES('HSF');
INSERT INTO ODMIANA (ODMIANA) 
VALUES('Cuzcatleco');

/*-------------------------------------------------------------------------------------------------------------------------------------------------*/

INSERT INTO REGION (REGION, KRAJ) 
VALUES ('Apaneca','Salwador');
INSERT INTO REGION (REGION, KRAJ) 
VALUES('Minas Gerais','Brazylia');
INSERT INTO REGION (REGION, KRAJ) 
VALUES('Uraga','Etiopia');
INSERT INTO REGION (REGION, KRAJ) 
VALUES('Acatenango','Gwatemala');
INSERT INTO REGION (REGION, KRAJ) 
VALUES('Cajamarca','Peru');
INSERT INTO REGION (REGION, KRAJ) 
VALUES('Plaskozwyz Centralny','Wietnam');
INSERT INTO REGION (REGION, KRAJ) 
VALUES('El Hichozal','Honduras');
INSERT INTO REGION (REGION, KRAJ) 
VALUES('Corquin Copan', 'Honduras');
INSERT INTO REGION (REGION, KRAJ) 
VALUES('Guji','Etiopia');
INSERT INTO REGION (REGION, KRAJ) 
VALUES('Kirinyaga','Kenia');
INSERT INTO REGION (REGION, KRAJ) 
VALUES('Warszawa','Polska');
INSERT INTO REGION (REGION, KRAJ) 
VALUES('Gdansk','Polska');
INSERT INTO REGION (REGION, KRAJ) 
VALUES('Liberec','Czechy');
INSERT INTO REGION (REGION, KRAJ) 
VALUES('Jayaque','Salwador');
INSERT INTO REGION (REGION, KRAJ) 
VALUES('Kiambu','Kenia');

/*-------------------------------------------------------------------------------------------------------------------------------------------------*/

INSERT INTO RODZAJOBROBKI (RODZAJOBROBKI) 
VALUES ('Natural');
INSERT INTO RODZAJOBROBKI (RODZAJOBROBKI) 
VALUES('Washed');
INSERT INTO RODZAJOBROBKI (RODZAJOBROBKI) 
VALUES('Wet polished');
INSERT INTO RODZAJOBROBKI (RODZAJOBROBKI) 
VALUES('Honey');
INSERT INTO RODZAJOBROBKI (RODZAJOBROBKI) 
VALUES('Lactic');
INSERT INTO RODZAJOBROBKI (RODZAJOBROBKI) 
VALUES('Anaerobic');

/*-------------------------------------------------------------------------------------------------------------------------------------------------*/

INSERT INTO UPRAWIANEKAWY (ID, REGION, ODMIANA, RODZAJOBROBKI, WYSOKOSCUPRAWY) 
VALUES 
    (1,(SELECT REGION FROM REGION WHERE REGION='El Hichozal'),
    (SELECT ODMIANA FROM ODMIANA WHERE ODMIANA='Catuai'),
    (SELECT RODZAJOBROBKI FROM RODZAJOBROBKI WHERE RODZAJOBROBKI='Natural'),1750); 
INSERT INTO UPRAWIANEKAWY (ID, REGION, ODMIANA, RODZAJOBROBKI, WYSOKOSCUPRAWY) 
VALUES 
    (2,(SELECT REGION FROM REGION WHERE REGION='Kirinyaga'),
    (SELECT ODMIANA FROM ODMIANA WHERE ODMIANA='SL28'),
    (SELECT RODZAJOBROBKI FROM RODZAJOBROBKI WHERE RODZAJOBROBKI='Washed'),1800); 
INSERT INTO UPRAWIANEKAWY (ID, REGION, ODMIANA, RODZAJOBROBKI, WYSOKOSCUPRAWY) 
VALUES 
    (3,(SELECT REGION FROM REGION WHERE REGION='Minas Gerais'),
    (SELECT ODMIANA FROM ODMIANA WHERE ODMIANA='Bourbon'),
    (SELECT RODZAJOBROBKI FROM RODZAJOBROBKI WHERE RODZAJOBROBKI='Natural'),1150); 
INSERT INTO UPRAWIANEKAWY (ID, REGION, ODMIANA, RODZAJOBROBKI, WYSOKOSCUPRAWY) 
VALUES 
    (4,(SELECT REGION FROM REGION WHERE REGION='Cajamarca'),
    (SELECT ODMIANA FROM ODMIANA WHERE ODMIANA='Catuai'),
    (SELECT RODZAJOBROBKI FROM RODZAJOBROBKI WHERE RODZAJOBROBKI='Washed'),1400); 
INSERT INTO UPRAWIANEKAWY (ID, REGION, ODMIANA, RODZAJOBROBKI, WYSOKOSCUPRAWY) 
VALUES 
    (5,(SELECT REGION FROM REGION WHERE REGION='Jayaque'),
    (SELECT ODMIANA FROM ODMIANA WHERE ODMIANA='Cuzcatleco'),
    (SELECT RODZAJOBROBKI FROM RODZAJOBROBKI WHERE RODZAJOBROBKI='Honey'),1450); 
INSERT INTO UPRAWIANEKAWY (ID, REGION, ODMIANA, RODZAJOBROBKI, WYSOKOSCUPRAWY) 
VALUES 
    (6,(SELECT REGION FROM REGION WHERE REGION='Kiambu'),
    (SELECT ODMIANA FROM ODMIANA WHERE ODMIANA='Ruiru 11'),
    (SELECT RODZAJOBROBKI FROM RODZAJOBROBKI WHERE RODZAJOBROBKI='Washed'),1500);
    
/*-------------------------------------------------------------------------------------------------------------------------------------------------*/
    
INSERT INTO WLASCICIEL (IDWLASCICIELA, IMIE , NAZWISKO) 
VALUES (1, 'Wiktor', 'Borowski');
INSERT INTO WLASCICIEL (IDWLASCICIELA, IMIE , NAZWISKO) 
VALUES(2,'Martin', 'Kozel');
INSERT INTO WLASCICIEL (IDWLASCICIELA, IMIE , NAZWISKO) 
VALUES(3,'Piotr','Sowa');
INSERT INTO WLASCICIEL (IDWLASCICIELA, IMIE , NAZWISKO) 
VALUES(4,'Uri','Wollner');
INSERT INTO WLASCICIEL (IDWLASCICIELA, IMIE , NAZWISKO) 
VALUES(5,'Grzegorz','Walasiewicz');

/*-------------------------------------------------------------------------------------------------------------------------------------------------*/

INSERT INTO PALARNIEKAWY(IDPALARNI, NAZWAPALARNI, WLASCICIEL, REGION)
VALUES
(1, 'How Are You Brewing', (SELECT IDWLASCICIELA FROM WLASCICIEL WHERE IDWLASCICIELA=1),(SELECT REGION FROM REGION WHERE REGION='Warszawa'));
INSERT INTO PALARNIEKAWY(IDPALARNI, NAZWAPALARNI, WLASCICIEL, REGION)
VALUES
(2, 'Nordbeans', (SELECT IDWLASCICIELA FROM WLASCICIEL WHERE IDWLASCICIELA=2),(SELECT REGION FROM REGION WHERE REGION='Liberec'));

/*-------------------------------------------------------------------------------------------------------------------------------------------------*/

INSERT INTO KAWYWPALARNIACH (IDKAWY, KAWA, PALARNIAKAWY, STOPIENWYPALENIA, METODAPARZENIA)
VALUES
(1, (SELECT ID FROM UPRAWIANEKAWY WHERE ID=1), (SELECT IDPALARNI FROM PALARNIEKAWY WHERE IDPALARNI=1), 'Jasny', 'Drip');
INSERT INTO KAWYWPALARNIACH (IDKAWY, KAWA, PALARNIAKAWY, STOPIENWYPALENIA, METODAPARZENIA)
VALUES
(2, (SELECT ID FROM UPRAWIANEKAWY WHERE ID=4), (SELECT IDPALARNI FROM PALARNIEKAWY WHERE IDPALARNI=1), 'Jasny', 'Drip');
INSERT INTO KAWYWPALARNIACH (IDKAWY, KAWA, PALARNIAKAWY, STOPIENWYPALENIA, METODAPARZENIA)
VALUES
(3, (SELECT ID FROM UPRAWIANEKAWY WHERE ID=5), (SELECT IDPALARNI FROM PALARNIEKAWY WHERE IDPALARNI=2), 'Jasny', 'Drip');
INSERT INTO KAWYWPALARNIACH (IDKAWY, KAWA, PALARNIAKAWY, STOPIENWYPALENIA, METODAPARZENIA)
VALUES
(4, (SELECT ID FROM UPRAWIANEKAWY WHERE ID=6), (SELECT IDPALARNI FROM PALARNIEKAWY WHERE IDPALARNI=2), 'Jasny', 'Drip');

/*-------------------------------------------------------------------------------------------------------------------------------------------------*/

INSERT INTO ZAPACHKAWY (KAWA, CECHAZAPACHOWA)
VALUES ((SELECT IDKAWY FROM KAWYWPALARNIACH WHERE IDKAWY=1),'Jagody');
INSERT INTO ZAPACHKAWY (KAWA, CECHAZAPACHOWA)
VALUES((SELECT IDKAWY FROM KAWYWPALARNIACH WHERE IDKAWY=2),'Sliwki');
INSERT INTO ZAPACHKAWY (KAWA, CECHAZAPACHOWA)
VALUES((SELECT IDKAWY FROM KAWYWPALARNIACH WHERE IDKAWY=3),'Jablka');

/*-------------------------------------------------------------------------------------------------------------------------------------------------*/

INSERT INTO SMAKKAWY (KAWA, NUTASMAKOWA)
VALUES 
    ((SELECT IDKAWY FROM KAWYWPALARNIACH WHERE IDKAWY=1),'Miod');
INSERT INTO SMAKKAWY (KAWA, NUTASMAKOWA)
VALUES
    ((SELECT IDKAWY FROM KAWYWPALARNIACH WHERE IDKAWY=2),'Toffi');
INSERT INTO SMAKKAWY (KAWA, NUTASMAKOWA)
VALUES
    ((SELECT IDKAWY FROM KAWYWPALARNIACH WHERE IDKAWY=3),'Orzechy');
INSERT INTO SMAKKAWY (KAWA, NUTASMAKOWA)
VALUES
    ((SELECT IDKAWY FROM KAWYWPALARNIACH WHERE IDKAWY=4),'Karmel');

/*-------------------------------------------------------------------------------------------------------------------------------------------------*/

INSERT INTO KAWIARNIA (IDKAWIARNI, NAZWAKAWIARNI, WLASCICIEL, REGION, ADRES)
VALUES (1, 'Coffeedesk', (SELECT IDWLASCICIELA FROM WLASCICIEL WHERE IDWLASCICIELA=3), (SELECT REGION FROM REGION WHERE REGION='Warszawa'),'Wilcza 42');
INSERT INTO KAWIARNIA (IDKAWIARNI, NAZWAKAWIARNI, WLASCICIEL, REGION, ADRES)
VALUES (2, 'Cophi', (SELECT IDWLASCICIELA FROM WLASCICIEL WHERE IDWLASCICIELA=4), (SELECT REGION FROM REGION WHERE REGION='Warszawa'),'Ho¿a 58');
INSERT INTO KAWIARNIA (IDKAWIARNI, NAZWAKAWIARNI, WLASCICIEL, REGION, ADRES)
VALUES (3, 'Czkawka', (SELECT IDWLASCICIELA FROM WLASCICIEL WHERE IDWLASCICIELA=5), (SELECT REGION FROM REGION WHERE REGION='Gdansk'),'Jana Kiliñskiego 9/4');

/*-------------------------------------------------------------------------------------------------------------------------------------------------*/

INSERT INTO KAWYWKAWIARNI (KAWA, KAWIARNIA)
VALUES 
((SELECT IDKAWY FROM KAWYWPALARNIACH WHERE IDKAWY=1),(SELECT IDKAWIARNI FROM KAWIARNIA WHERE IDKAWIARNI=1));
INSERT INTO KAWYWKAWIARNI (KAWA, KAWIARNIA)
VALUES 
((SELECT IDKAWY FROM KAWYWPALARNIACH WHERE IDKAWY=2),(SELECT IDKAWIARNI FROM KAWIARNIA WHERE IDKAWIARNI=1));
INSERT INTO KAWYWKAWIARNI (KAWA, KAWIARNIA)
VALUES 
((SELECT IDKAWY FROM KAWYWPALARNIACH WHERE IDKAWY=4),(SELECT IDKAWIARNI FROM KAWIARNIA WHERE IDKAWIARNI=1));
INSERT INTO KAWYWKAWIARNI (KAWA, KAWIARNIA)
VALUES
((SELECT IDKAWY FROM KAWYWPALARNIACH WHERE IDKAWY=1),(SELECT IDKAWIARNI FROM KAWIARNIA WHERE IDKAWIARNI=2));
INSERT INTO KAWYWKAWIARNI (KAWA, KAWIARNIA)
VALUES
((SELECT IDKAWY FROM KAWYWPALARNIACH WHERE IDKAWY=3),(SELECT IDKAWIARNI FROM KAWIARNIA WHERE IDKAWIARNI=2));
INSERT INTO KAWYWKAWIARNI (KAWA, KAWIARNIA)
VALUES
((SELECT IDKAWY FROM KAWYWPALARNIACH WHERE IDKAWY=4),(SELECT IDKAWIARNI FROM KAWIARNIA WHERE IDKAWIARNI=3));
INSERT INTO KAWYWKAWIARNI (KAWA, KAWIARNIA)
VALUES
((SELECT IDKAWY FROM KAWYWPALARNIACH WHERE IDKAWY=2),(SELECT IDKAWIARNI FROM KAWIARNIA WHERE IDKAWIARNI=3));











